{
"__comment":"Made by Know2Good, part of the 'Default 3D™' resource pack || Official download page: http://www.planetminecraft.com/texture_pack/default-3d-2985741/ || © 2014 Know2Good. All rights reserved. ",
"textures": {
	"terrain": "blocks/snow",
	"tree": "blocks/sapling_spruce",
	"frame": "custom/wood_oak",
	"present1": "blocks/wool_colored_red",
	"present2": "blocks/wool_colored_blue",
	"present3": "blocks/wool_colored_green",
	"present4": "blocks/wool_colored_yellow",
	"particle":"custom/wood_oak"
},
"elements":[
	{
		"type":"cube", //Present
		"from":[6,2,6],
		"to":[7,3,7],
		"rotation": {"origin": [ 8, 1, 8 ], "axis": "y", "angle": 0 },
		"faces": {
			"up":{"uv":[0,0,1,1],"texture":"#present1","cullface":"Know2Good"},
			"north":{"uv":[0,0,1,1],"texture":"#present1","cullface":"Know2Good"},
			"south":{"uv":[0,0,1,1],"texture":"#present1","cullface":"Know2Good"},
			"west":{"uv":[0,0,1,1],"texture":"#present1","cullface":"Know2Good"},
			"east":{"uv":[0,0,1,1],"texture":"#present1","cullface":"Know2Good"}
		}
	},
	{
		"type":"cube", //Present
		"from":[7,2,9],
		"to":[8,3,10],
		"rotation": {"origin": [ 8, 1, 8 ], "axis": "y", "angle": 0 },
		"faces": {
			"up":{"uv":[0,0,1,1],"texture":"#present2","cullface":"Know2Good"},
			"north":{"uv":[0,0,1,1],"texture":"#present2","cullface":"Know2Good"},
			"south":{"uv":[0,0,1,1],"texture":"#present2","cullface":"Know2Good"},
			"west":{"uv":[0,0,1,1],"texture":"#present2","cullface":"Know2Good"},
			"east":{"uv":[0,0,1,1],"texture":"#present2","cullface":"Know2Good"}
		}
	},
	{
		"type":"cube", //Present
		"from":[9,2,8],
		"to":[10,3,9],
		"rotation": {"origin": [ 8, 1, 8 ], "axis": "y", "angle": 0 },
		"faces": {
			"up":{"uv":[0,0,1,1],"texture":"#present3","cullface":"Know2Good"},
			"north":{"uv":[0,0,1,1],"texture":"#present3","cullface":"Know2Good"},
			"south":{"uv":[0,0,1,1],"texture":"#present3","cullface":"Know2Good"},
			"west":{"uv":[0,0,1,1],"texture":"#present3","cullface":"Know2Good"},
			"east":{"uv":[0,0,1,1],"texture":"#present3","cullface":"Know2Good"}
		}
	},
	{
		"type":"cube", //Present
		"from":[8,2,5],
		"to":[9,3,6],
		"rotation": {"origin": [ 8, 1, 8 ], "axis": "y", "angle": 0 },
		"faces": {
			"up":{"uv":[0,0,1,1],"texture":"#present4","cullface":"Know2Good"},
			"north":{"uv":[0,0,1,1],"texture":"#present4","cullface":"Know2Good"},
			"south":{"uv":[0,0,1,1],"texture":"#present4","cullface":"Know2Good"},
			"west":{"uv":[0,0,1,1],"texture":"#present4","cullface":"Know2Good"},
			"east":{"uv":[0,0,1,1],"texture":"#present4","cullface":"Know2Good"}
		}
	},
	{
		"type":"cube", //Leave
		"from":[6,4,6],
		"to":[11,5,9],
		"rotation": {"origin": [ 8, 1, 8 ], "axis": "y", "angle": 0 },
		"faces": {
			"up":{"uv":[4,5,5,6],"texture":"#tree","cullface":"Know2Good"},
			"down":{"uv":[4,5,5,6],"texture":"#tree","cullface":"Know2Good"},
			"north":{"uv":[4,5,5,6],"texture":"#tree","cullface":"Know2Good"},
			"south":{"uv":[4,5,5,6],"texture":"#tree","cullface":"Know2Good"},
			"west":{"uv":[4,5,5,6],"texture":"#tree","cullface":"Know2Good"},
			"east":{"uv":[4,5,5,6],"texture":"#tree","cullface":"Know2Good"}
		}
	},
	{
		"type":"cube", //Leave
		"from":[7,4.002,5],
		"to":[10,5,10],
		"rotation": {"origin": [ 8, 1, 8 ], "axis": "y", "angle": 0 },
		"faces": {
			"up":{"uv":[8,2,9,3],"texture":"#tree","cullface":"Know2Good"},
			"down":{"uv":[8,2,9,3],"texture":"#tree","cullface":"Know2Good"},
			"north":{"uv":[8,2,9,3],"texture":"#tree","cullface":"Know2Good"},
			"south":{"uv":[8,2,9,3],"texture":"#tree","cullface":"Know2Good"},
			"west":{"uv":[8,2,9,3],"texture":"#tree","cullface":"Know2Good"},
			"east":{"uv":[8,2,9,3],"texture":"#tree","cullface":"Know2Good"}
		}
	},
	{
		"type":"cube", //Leave
		"from":[7,5,6],
		"to":[10,6,9],
		"rotation": {"origin": [ 8, 1, 8 ], "axis": "y", "angle": 0 },
		"faces": {
			"up":{"uv":[7,2,8,3],"texture":"#tree","cullface":"Know2Good"},
			"down":{"uv":[7,2,8,3],"texture":"#tree","cullface":"Know2Good"},
			"north":{"uv":[7,2,8,3],"texture":"#tree","cullface":"Know2Good"},
			"south":{"uv":[7,2,8,3],"texture":"#tree","cullface":"Know2Good"},
			"west":{"uv":[7,2,8,3],"texture":"#tree","cullface":"Know2Good"},
			"east":{"uv":[7,2,8,3],"texture":"#tree","cullface":"Know2Good"}
		}
	},
	{
		"type":"cube", //Leave
		"from":[8,5,5],
		"to":[9,6,10],
		"rotation": {"origin": [ 8, 1, 8 ], "axis": "y", "angle": 0 },
		"faces": {
			"up":{"uv":[4,5,5,6],"texture":"#tree","cullface":"Know2Good"},
			"down":{"uv":[4,5,5,6],"texture":"#tree","cullface":"Know2Good"},
			"north":{"uv":[4,5,5,6],"texture":"#tree","cullface":"Know2Good"},
			"south":{"uv":[4,5,5,6],"texture":"#tree","cullface":"Know2Good"},
			"west":{"uv":[4,5,5,6],"texture":"#tree","cullface":"Know2Good"},
			"east":{"uv":[4,5,5,6],"texture":"#tree","cullface":"Know2Good"}
		}
	},
	{
		"type":"cube", //Leave
		"from":[6,5,7],
		"to":[11,6,8],
		"rotation": {"origin": [ 8, 1, 8 ], "axis": "y", "angle": 0 },
		"faces": {
			"up":{"uv":[8,2,9,3],"texture":"#tree","cullface":"Know2Good"},
			"down":{"uv":[8,2,9,3],"texture":"#tree","cullface":"Know2Good"},
			"north":{"uv":[8,2,9,3],"texture":"#tree","cullface":"Know2Good"},
			"south":{"uv":[8,2,9,3],"texture":"#tree","cullface":"Know2Good"},
			"west":{"uv":[8,2,9,3],"texture":"#tree","cullface":"Know2Good"},
			"east":{"uv":[8,2,9,3],"texture":"#tree","cullface":"Know2Good"}
		}
	},
	{
		"type":"cube", //Leave
		"from":[8,6,6],
		"to":[9,7,9],
		"rotation": {"origin": [ 8, 1, 8 ], "axis": "y", "angle": 0 },
		"faces": {
			"up":{"uv":[8,2,9,3],"texture":"#tree","cullface":"Know2Good"},
			"down":{"uv":[8,2,9,3],"texture":"#tree","cullface":"Know2Good"},
			"north":{"uv":[8,2,9,3],"texture":"#tree","cullface":"Know2Good"},
			"south":{"uv":[8,2,9,3],"texture":"#tree","cullface":"Know2Good"},
			"west":{"uv":[8,2,9,3],"texture":"#tree","cullface":"Know2Good"},
			"east":{"uv":[8,2,9,3],"texture":"#tree","cullface":"Know2Good"}
		}
	},
	{
		"type":"cube", //Leave
		"from":[7,6,7],
		"to":[10,7,8],
		"rotation": {"origin": [ 8, 1, 8 ], "axis": "y", "angle": 0 },
		"faces": {
			"up":{"uv":[4,5,5,6],"texture":"#tree","cullface":"Know2Good"},
			"down":{"uv":[4,5,5,6],"texture":"#tree","cullface":"Know2Good"},
			"north":{"uv":[4,5,5,6],"texture":"#tree","cullface":"Know2Good"},
			"south":{"uv":[4,5,5,6],"texture":"#tree","cullface":"Know2Good"},
			"west":{"uv":[4,5,5,6],"texture":"#tree","cullface":"Know2Good"},
			"east":{"uv":[4,5,5,6],"texture":"#tree","cullface":"Know2Good"}
		}
	},
	{
		"type":"cube", //Leave
		"from":[8,7,7],
		"to":[9,8,8],
		"rotation": {"origin": [ 8, 1, 8 ], "axis": "y", "angle": 0 },
		"faces": {
			"up":{"uv":[7,2,8,3],"texture":"#tree","cullface":"Know2Good"},
			"down":{"uv":[7,2,8,3],"texture":"#tree","cullface":"Know2Good"},
			"north":{"uv":[7,2,8,3],"texture":"#tree","cullface":"Know2Good"},
			"south":{"uv":[7,2,8,3],"texture":"#tree","cullface":"Know2Good"},
			"west":{"uv":[7,2,8,3],"texture":"#tree","cullface":"Know2Good"},
			"east":{"uv":[7,2,8,3],"texture":"#tree","cullface":"Know2Good"}
		}
	},
	{
		"type":"cube", //Tree trunk
		"from":[8,2,7],
		"to":[9,7,8],
		"rotation": {"origin": [ 8, 1, 8 ], "axis": "y", "angle": 0 },
		"faces": {
			"up":{"uv":[7,5,8,6],"texture":"#tree","cullface":"Know2Good"},
			"north":{"uv":[7,5,8,10],"texture":"#tree","cullface":"Know2Good"},
			"south":{"uv":[7,5,8,10],"texture":"#tree","cullface":"Know2Good"},
			"west":{"uv":[7,5,8,10],"texture":"#tree","cullface":"Know2Good"},
			"east":{"uv":[7,5,8,10],"texture":"#tree","cullface":"Know2Good"}
		}
	},
	{
		"type":"cube", //Terrain center
		"from":[4,2,4],
		"to":[12,2.002,12],
		"rotation": {"origin": [ 8, 1, 8 ], "axis": "y", "angle": 0 },
		"faces": {
			"up":{"uv":[4,4,12,12],"texture":"#terrain","cullface":"Know2Good"}
		}
	},
	{
		"type":"cube", //Frame center bottom
		"from":[4,0,4],
		"to":[12,1,12],
		"rotation": {"origin": [ 8, 1, 8 ], "axis": "y", "angle": 0 },
		"faces": {
			"down":{"uv":[4,12,12,4],"texture":"#frame","cullface":"Know2Good"},
			"north":{"uv":[4,4,12,5],"texture":"#frame","cullface":"Know2Good","rotation":180 },
			"south":{"uv":[4,11,12,12],"texture":"#frame","cullface":"Know2Good"},
			"west":{"uv":[4,4,5,12],"texture":"#frame","cullface":"Know2Good","rotation":270 },
			"east":{"uv":[11,4,12,12],"texture":"#frame","cullface":"Know2Good","rotation":90 }
		}
	},
	{
		"type":"cube", //Frame center top
		"from":[3,1,3],
		"to":[13,2,13],
		"rotation": {"origin": [ 8, 1, 8 ], "axis": "y", "angle": 0 },
		"faces": {
			"up":{"uv":[3,3,13,13],"texture":"#frame","cullface":"Know2Good"},
			"down":{"uv":[3,13,13,3],"texture":"#frame","cullface":"Know2Good"},
			"north":{"uv":[3,3,13,4],"texture":"#frame","cullface":"Know2Good","rotation":180 },
			"south":{"uv":[3,12,13,13],"texture":"#frame","cullface":"Know2Good"},
			"west":{"uv":[3,3,4,13],"texture":"#frame","cullface":"Know2Good","rotation":270 },
			"east":{"uv":[12,3,13,13],"texture":"#frame","cullface":"Know2Good","rotation":90 }
		}
	}
],
"display": {
	"thirdperson": {
		"rotation": [ 0, 0, 0 ],
		"translation": [ 0, 0, 0 ],
		"scale": [ 1, 1, 1 ]
	},
	"firstperson": {
		"rotation": [ 0, 0, 0 ],
		"translation": [ 0, 0, 0 ],
		"scale": [ 1, 1, 1 ]
	},
	"gui": {
		"rotation": [ 0, 0, 0 ],
		"translation": [ 0, 0, 0 ],
		"scale": [ 1, 1, 1 ]
	}
}
}