{
"__comment":"Made by Know2Good, part of the 'Default 3D™' resource pack || Official download page: http://www.planetminecraft.com/texture_pack/default-3d-2985741/ || © Know2Good. All rights reserved. ",
"textures": {
	"color": "blocks/wool_colored_black",
	"glass": "blocks/glass",
	"detail": "blocks/iron_block",
	"particle":"blocks/glass_white"
},
"elements":[
	{
		"type":"cube", //Top
		"from":[4,14,4],
		"to":[12,15,12],
		"rotation": {"origin": [ 8, 1, 8 ], "axis": "y", "angle": 0 },
		"faces": {
			"down":{"uv":[4,5,12,12],"texture":"#color","cullface":"Know2Good"},
			"up":{"uv":[4,5,12,12],"texture":"#color","cullface":"Know2Good"},
			"north":{"uv":[4,5,12,6],"texture":"#color","cullface":"Know2Good","rotation":180},
			"south":{"uv":[4,11,12,12],"texture":"#color","cullface":"Know2Good"},
			"west":{"uv":[4,5,5,12],"texture":"#color","cullface":"Know2Good","rotation":270},
			"east":{"uv":[11,5,12,12],"texture":"#color","cullface":"Know2Good","rotation":90}
		}
	},
	{
		"type":"cube", //Top detail
		"from":[6,15,6],
		"to":[10,16,10],
		"rotation": {"origin": [ 8, 1, 8 ], "axis": "y", "angle": 0 },
		"faces": {
			"up":{"uv":[6,6,10,10],"texture":"#detail","cullface":"Know2Good"},
			"north":{"uv":[6,6,10,7],"texture":"#detail","cullface":"Know2Good","rotation":180},
			"south":{"uv":[6,9,10,10],"texture":"#detail","cullface":"Know2Good"},
			"west":{"uv":[6,6,7,10],"texture":"#detail","cullface":"Know2Good","rotation":270},
			"east":{"uv":[9,6,10,10],"texture":"#detail","cullface":"Know2Good","rotation":90}
		}
	},
	{
		"type":"cube", //Bottom
		"from":[5,0,5],
		"to":[11,4,11],
		"rotation": {"origin": [ 8, 1, 8 ], "axis": "y", "angle": 0 },
		"faces": {
			"down":{"uv":[5,5,11,11],"texture":"#color","cullface":"Know2Good"},
			"up":{"uv":[5,5,11,11],"texture":"#color","cullface":"Know2Good"},
			"north":{"uv":[5,0,11,4],"texture":"#color","cullface":"Know2Good"},
			"south":{"uv":[5,0,11,4],"texture":"#color","cullface":"Know2Good"},
			"west":{"uv":[11,0,5,4],"texture":"#color","cullface":"Know2Good"},
			"east":{"uv":[11,0,5,4],"texture":"#color","cullface":"Know2Good"}
		}
	},
	{
		"type":"cube", //Bottom top
		"from":[4,4,4],
		"to":[12,5,12],
		"rotation": {"origin": [ 8, 1, 8 ], "axis": "y", "angle": 0 },
		"faces": {
			"down":{"uv":[4,4,12,12],"texture":"#color","cullface":"Know2Good"},
			"up":{"uv":[4,4,12,12],"texture":"#color","cullface":"Know2Good"},
			"north":{"uv":[4,4,12,5],"texture":"#color","cullface":"Know2Good"},
			"south":{"uv":[4,4,12,5],"texture":"#color","cullface":"Know2Good"},
			"west":{"uv":[12,4,4,5],"texture":"#color","cullface":"Know2Good"},
			"east":{"uv":[12,4,4,5],"texture":"#color","cullface":"Know2Good"}
		}
	},
	{
		"type":"cube", //Bottom detail
		"from":[4.75,2,4.75],
		"to":[11.25,3,11.25],
		"rotation": {"origin": [ 8, 1, 8 ], "axis": "y", "angle": 0 },
		"faces": {
			"down":{"uv":[5,5,11,11],"texture":"#detail","cullface":"Know2Good","rotation":180},
			"up":{"uv":[5,5,11,11],"texture":"#detail","cullface":"Know2Good"},
			"north":{"uv":[5,5,11,6],"texture":"#detail","cullface":"Know2Good"},
			"south":{"uv":[5,10,11,11],"texture":"#detail","cullface":"Know2Good"},
			"west":{"uv":[5,5,6,11],"texture":"#detail","cullface":"Know2Good","rotation":270},
			"east":{"uv":[10,5,11,11],"texture":"#detail","cullface":"Know2Good","rotation":90}
		}
	},
	{
		"type":"cube", //Handle top
		"from":[7.5,12,11.5],
		"to":[8.5,13,13.5],
		"rotation": {"origin": [ 8, 1, 8 ], "axis": "y", "angle": 0 },
		"faces": {
			"down":{"uv":[8,3,9,5],"texture":"#detail","cullface":"Know2Good"},
			"up":{"uv":[8,3,9,5],"texture":"#detail","cullface":"Know2Good","rotation":180},
			"south":{"uv":[8,3,9,4],"texture":"#detail","cullface":"Know2Good","rotation":180},
			"north":{"uv":[8,4,9,5],"texture":"#detail","cullface":"Know2Good"},
			"east":{"uv":[8,3,9,5],"texture":"#detail","cullface":"Know2Good","rotation":270},
			"west":{"uv":[8,3,9,5],"texture":"#detail","cullface":"Know2Good","rotation":90}
		}
	},
	{
		"type":"cube", //Handle middle
		"from":[7.5,7.0,12.5],
		"to":[8.5,12.0,13.5],
		"rotation": {"origin": [ 8, 1, 8 ], "axis": "y", "angle": 0 },
		"faces": {
			"north":{"uv":[8,7,9,12],"texture":"#detail","cullface":"Know2Good"},
			"south":{"uv":[8,7,9,12],"texture":"#detail","cullface":"Know2Good"},
			"west":{"uv":[8,7,9,12],"texture":"#detail","cullface":"Know2Good"},
			"east":{"uv":[8,7,9,12],"texture":"#detail","cullface":"Know2Good"}
		}
	},
	{
		"type":"cube", //Handle bottom
		"from":[7.5,6,11.5],
		"to":[8.5,7,13.5],
		"rotation": {"origin": [ 8, 1, 8 ], "axis": "y", "angle": 0 },
		"faces": {
			"down":{"uv":[8,3,9,5],"texture":"#detail","cullface":"Know2Good"},
			"up":{"uv":[8,3,9,5],"texture":"#detail","cullface":"Know2Good","rotation":180},
			"south":{"uv":[8,3,9,4],"texture":"#detail","cullface":"Know2Good","rotation":180},
			"north":{"uv":[8,4,9,5],"texture":"#detail","cullface":"Know2Good"},
			"east":{"uv":[8,3,9,5],"texture":"#detail","cullface":"Know2Good","rotation":270},
			"west":{"uv":[8,3,9,5],"texture":"#detail","cullface":"Know2Good","rotation":90}
		}
	},
	{
		"type":"cube", //Glass
		"from":[4.5,5,4.5],
		"to":[11.5,14,11.5],
		"rotation": {"origin": [ 8, 1, 8 ], "axis": "y", "angle": 0 },
		"faces": {
			"north":{"uv":[5,5,12,14],"texture":"#glass","cullface":"Know2Good"},
			"south":{"uv":[5,5,12,14],"texture":"#glass","cullface":"Know2Good"},
			"west":{"uv":[5,5,12,14],"texture":"#glass","cullface":"Know2Good"},
			"east":{"uv":[5,5,12,14],"texture":"#glass","cullface":"Know2Good"}
		}
	}
],
"display": {
	"thirdperson": {
		"rotation": [ 180, 45, 1 ],
		"translation": [ 0, 0, -2.5 ],
		"scale": [ 0.5, 0.5, 0.5 ]
	},
	"firstperson": {
		"rotation": [ 180, 0, 180 ],
		"translation": [ 0, 0, 0 ],
		"scale": [ 1.3, 1.3, 1.3 ]
	},
	"gui": {
		"rotation": [ 0, 0, 0 ],
		"translation": [ 0, -0.25, 0 ],
		"scale": [ 1.25, 1.25, 1.25 ]
	}
}
}