{
"__comment":"Made by Know2Good, part of the 'Default 3D™' resource pack || Official download page: http://www.planetminecraft.com/texture_pack/default-3d-2985741/ || © 2014 Know2Good. All rights reserved. ",
"textures": {
	"block": "blocks/stone_andesite_smooth",
	"particle":"blocks/stone_andesite_smooth"
},
"elements":[
	{
		"type":"cube", //Bottom pad
		"from":[5,0,5],
		"to":[11,1,11],
		"rotation": {"origin": [ 8, 1, 8 ], "axis": "y", "angle": 0 },
		"faces": {
			"down":{"uv":[5,5,11,11],"texture":"#block","cullface":"Know2Good","rotation":90},
			"up":{"uv":[5,5,11,11],"texture":"#block","cullface":"Know2Good","rotation":90},			
			"north":{"uv":[5,5,6,11],"texture":"#block","cullface":"Know2Good","rotation":270},
			"south":{"uv":[10,5,11,11],"texture":"#block","cullface":"Know2Good","rotation":90},
			"west":{"uv":[5,10,11,11],"texture":"#block","cullface":"Know2Good"},
			"east":{"uv":[5,5,11,6],"texture":"#block","cullface":"Know2Good","rotation":180}
		}
	},
	{
		"type":"cube", //Bottom block
		"from":[6,1,6],
		"to":[10,5,10],
		"rotation": {"origin": [ 8, 1, 8 ], "axis": "y", "angle": 0 },
		"faces": {
			"up":{"uv":[6,6,10,10],"texture":"#block","cullface":"Know2Good","rotation":90},
			"north":{"uv":[10,6,6,10],"texture":"#block","cullface":"Know2Good","rotation":270},
			"south":{"uv":[10,6,6,10],"texture":"#block","cullface":"Know2Good","rotation":90},
			"west":{"uv":[10,6,6,10],"texture":"#block","cullface":"Know2Good","rotation":180},
			"east":{"uv":[6,10,10,6],"texture":"#block","cullface":"Know2Good","rotation":180}
		}
	},
	{
		"type":"cube", //Vertical
		"from":[7,5,7],
		"to":[9,16,9],
		"rotation": {"origin": [ 8, 1, 8 ], "axis": "y", "angle": 0 },
		"faces": {
			"up":{"uv":[7,14,9,16],"texture":"#block","cullface":"Know2Good","rotation":90},
			"north":{"uv":[9,5,7,16],"texture":"#block","cullface":"Know2Good"},
			"south":{"uv":[9,5,7,16],"texture":"#block","cullface":"Know2Good"},
			"west":{"uv":[7,5,9,16],"texture":"#block","cullface":"Know2Good"},
			"east":{"uv":[7,5,9,16],"texture":"#block","cullface":"Know2Good"}
		}
	},
	{
		"type":"cube", //Horizontal
		"from":[7,12,4],
		"to":[9,14,12],
		"rotation": {"origin": [ 8, 1, 8 ], "axis": "y", "angle": 0 },
		"faces": {
			"down":{"uv":[4,7,12,9],"texture":"#block","cullface":"Know2Good","rotation":90},
			"up":{"uv":[4,7,12,9],"texture":"#block","cullface":"Know2Good","rotation":90},
			"north":{"uv":[10,7,12,9],"texture":"#block","cullface":"Know2Good"},
			"south":{"uv":[10,7,12,9],"texture":"#block","cullface":"Know2Good"},
			"west":{"uv":[4,7,12,9],"texture":"#block","cullface":"Know2Good"},
			"east":{"uv":[4,7,12,9],"texture":"#block","cullface":"Know2Good"}
		}
	}
],
"display": {
    "thirdperson": {
        "rotation": [ 0, 90, 1 ],
        "translation": [ 0, -0.5, 0 ],
        "scale": [ 1.4, 1.4, 1.4 ]
    },
	"firstperson": {
		"rotation": [ 0, 90, 0 ],
		"translation": [ 0, 0, 0 ],
		"scale": [ 1.4, 1.4, 1.4 ]
	},
	"gui": {
		"rotation": [ 0, 0, 0 ],
		"translation": [ 0, 0, 0 ],
		"scale": [ 1.4, 1.4, 1.4 ]
	}
}
}