{
"__comment":"Made by Know2Good, part of the 'Default 3D™' resource pack || Official download page: http://www.planetminecraft.com/texture_pack/default-3d-2985741/ || © Know2Good. All rights reserved. ",
"textures": {
	"block": "bulky:blocks/snow_brick_medium",
	"particle":"bulky:blocks/snow_brick_medium"
},
"elements":[
	{
		"type":"cube", //The inner block
		"from":[0,0,0],
		"to":[16,16,16],
		"rotation": {"origin": [ 8, 1, 8 ], "axis": "y", "angle": 0 },
		"faces": {
			"down":{"uv":[0,0,16,16],"texture":"#block","cullface":"down"},
			"up":{"uv":[0,0,16,16],"texture":"#block","cullface":"up"},
			"north":{"uv":[0,0,16,16],"texture":"#block","cullface":"north"},
			"south":{"uv":[0,0,16,16],"texture":"#block","cullface":"south"},
			"west":{"uv":[0,0,16,16],"texture":"#block","cullface":"west"},
			"east":{"uv":[0,0,16,16],"texture":"#block","cullface":"east"}
		}
	},
	{
		"type":"cube", //Top brick 1
		"from":[0.001,16,0],
		"to":[15,16.40,7],
		"rotation": {"origin": [ 8, 1, 8 ], "axis": "y", "angle": 0 },
		"faces": {
			"up":{"uv":[0,0,15,7],"texture":"#block","cullface":"up"},
			"north":{"uv":[0,0,15,1],"texture":"#block","cullface":"up","rotation":180},
			"south":{"uv":[0,6,15,7],"texture":"#block","cullface":"up"},
			"west":{"uv":[0,0,7,1],"texture":"#block","cullface":"up"},
			"east":{"uv":[8,6,15,7],"texture":"#block","cullface":"up"}
		}
	},
	{
		"type":"cube", //Top brick 2.1
		"from":[0.001,16,8],
		"to":[7,16.40,15],
		"rotation": {"origin": [ 8, 1, 8 ], "axis": "y", "angle": 0 },
		"faces": {
			"up":{"uv":[0,8,7,15],"texture":"#block","cullface":"up"},
			"north":{"uv":[0,8,7,9],"texture":"#block","cullface":"up","rotation":180},
			"south":{"uv":[0,14,7,15],"texture":"#block","cullface":"up"},
			"west":{"uv":[0,8,7,9],"texture":"#block","cullface":"up"},
			"east":{"uv":[0,14,7,15],"texture":"#block","cullface":"up"}
		}
	},
	{
		"type":"cube", //Top brick 2.2
		"from":[8,16,8],
		"to":[15.999,16.40,15],
		"rotation": {"origin": [ 8, 1, 8 ], "axis": "y", "angle": 0 },
		"faces": {
			"up":{"uv":[8,8,16,15],"texture":"#block","cullface":"up"},
			"north":{"uv":[8,8,16,9],"texture":"#block","cullface":"up","rotation":180},
			"south":{"uv":[8,14,16,15],"texture":"#block","cullface":"up"},
			"west":{"uv":[9,8,16,9],"texture":"#block","cullface":"up"},
			"east":{"uv":[9,14,16,15],"texture":"#block","cullface":"up"}
		}
	},
	{
		"type":"cube", //North brick 1
		"from":[1,9,-0.4],
		"to":[15.999,15.999,0],
		"rotation": {"origin": [ 8, 1, 8 ], "axis": "y", "angle": 0 },
		"faces": {
			"up":{"uv":[0,0,7,1],"texture":"#block","cullface":"north"},
			"down":{"uv":[0,6,15,7],"texture":"#block","cullface":"north","rotation":180},
			"north":{"uv":[0,0,15,7],"texture":"#block","cullface":"north"},
			"west":{"uv":[0,0,1,7],"texture":"#block","cullface":"north"},
			"east":{"uv":[14,0,15,7],"texture":"#block","cullface":"north"}
		}
	},
	{
		"type":"cube", //North brick 2.1
		"from":[9,1,-0.4],
		"to":[15.999,7.999,0],
		"rotation": {"origin": [ 8, 1, 8 ], "axis": "y", "angle": 0 },
		"faces": {
			"up":{"uv":[0,8,7,9],"texture":"#block","cullface":"north"},
			"down":{"uv":[0,14,7,15],"texture":"#block","cullface":"north","rotation":180},
			"north":{"uv":[0,8,7,15],"texture":"#block","cullface":"north"},
			"west":{"uv":[6,8,7,15],"texture":"#block","cullface":"north"},
			"east":{"uv":[0,8,1,15],"texture":"#block","cullface":"north"}
		}
	},
	{
		"type":"cube", //North brick 2.2
		"from":[0.001,1,-0.4],
		"to":[8,7.999,0],
		"rotation": {"origin": [ 8, 1, 8 ], "axis": "y", "angle": 0 },
		"faces": {
			"up":{"uv":[8,8,16,9],"texture":"#block","cullface":"north"},
			"down":{"uv":[8,14,16,15],"texture":"#block","cullface":"north","rotation":180},
			"north":{"uv":[8,8,16,15],"texture":"#block","cullface":"north"},
			"west":{"uv":[15,8,16,15],"texture":"#block","cullface":"north"},
			"east":{"uv":[8,8,9,15],"texture":"#block","cullface":"north"}
		}
	},
	{
		"type":"cube", //East brick 1
		"from":[16,9,1],
		"to":[16.40,15.999,15.999],
		"rotation": {"origin": [ 8, 1, 8 ], "axis": "y", "angle": 0 },
		"faces": {
			"up":{"uv":[0,0,15,1],"texture":"#block","cullface":"east","rotation":90},
			"down":{"uv":[0,6,15,7],"texture":"#block","cullface":"east","rotation":270},
			"north":{"uv":[14,0,15,7],"texture":"#block","cullface":"east"},
			"south":{"uv":[0,0,1,7],"texture":"#block","cullface":"east"},
			"east":{"uv":[0,0,15,7],"texture":"#block","cullface":"east"}
		}
	},
	{
		"type":"cube", //East brick 2.1
		"from":[16,1,9],
		"to":[16.40,7.999,15.999],
		"rotation": {"origin": [ 8, 1, 8 ], "axis": "y", "angle": 0 },
		"faces": {
			"up":{"uv":[0,8,7,9],"texture":"#block","cullface":"east","rotation":90},
			"down":{"uv":[0,14,7,15],"texture":"#block","cullface":"east","rotation":270},
			"north":{"uv":[6,8,7,15],"texture":"#block","cullface":"east"},
			"south":{"uv":[0,8,1,15],"texture":"#block","cullface":"east"},
			"east":{"uv":[0,8,7,15],"texture":"#block","cullface":"east"}
		}
	},
	{
		"type":"cube", //East brick 2.2
		"from":[16,1,0.001],
		"to":[16.425,7.999,8],
		"rotation": {"origin": [ 8, 1, 8 ], "axis": "y", "angle": 0 },
		"faces": {
			"up":{"uv":[8,8,16,9],"texture":"#block","cullface":"east","rotation":90},
			"down":{"uv":[8,14,16,15],"texture":"#block","cullface":"east","rotation":270},
			"north":{"uv":[15,8,16,15],"texture":"#block","cullface":"east"},
			"south":{"uv":[8,8,9,15],"texture":"#block","cullface":"east"},
			"east":{"uv":[8,8,16,15],"texture":"#block","cullface":"east"}
		}
	},
	{
		"type":"cube", //South brick 1
		"from":[0.001,9,16],
		"to":[15,15.999,16.40],
		"rotation": {"origin": [ 8, 1, 8 ], "axis": "y", "angle": 0 },
		"faces": {
			"up":{"uv":[0,0,15,1],"texture":"#block","cullface":"south"},
			"down":{"uv":[0,6,15,7],"texture":"#block","cullface":"south"},
			"south":{"uv":[0,0,15,7],"texture":"#block","cullface":"south"},
			"west":{"uv":[14,0,15,7],"texture":"#block","cullface":"south"},
			"east":{"uv":[0,0,1,7],"texture":"#block","cullface":"south"}
		}
	},
	{
		"type":"cube", //South brick 2.1
		"from":[0.001,1,16],
		"to":[7,7.999,16.40],
		"rotation": {"origin": [ 8, 1, 8 ], "axis": "y", "angle": 0 },
		"faces": {
			"up":{"uv":[0,8,7,9],"texture":"#block","cullface":"south"},
			"down":{"uv":[0,14,7,15],"texture":"#block","cullface":"south"},
			"south":{"uv":[0,8,7,15],"texture":"#block","cullface":"south"},
			"west":{"uv":[0,8,1,15],"texture":"#block","cullface":"south"},
			"east":{"uv":[6,8,7,15],"texture":"#block","cullface":"south"}
		}
	},
	{
		"type":"cube", //South brick 2.2
		"from":[8,1,16],
		"to":[15.999,7.999,16.40],
		"rotation": {"origin": [ 8, 1, 8 ], "axis": "y", "angle": 0 },
		"faces": {
			"up":{"uv":[8,8,16,9],"texture":"#block","cullface":"south"},
			"down":{"uv":[8,14,16,15],"texture":"#block","cullface":"south"},
			"south":{"uv":[8,8,16,15],"texture":"#block","cullface":"south"},
			"west":{"uv":[8,8,9,15],"texture":"#block","cullface":"south"},
			"east":{"uv":[15,8,16,15],"texture":"#block","cullface":"south"}
		}
	},
	{
		"type":"cube", //West brick 1
		"from":[-0.4,9,0.001],
		"to":[0,15.999,15],
		"rotation": {"origin": [ 8, 1, 8 ], "axis": "y", "angle": 0 },
		"faces": {
			"up":{"uv":[0,0,15,1],"texture":"#block","cullface":"west","rotation":90},
			"down":{"uv":[0,6,15,7],"texture":"#block","cullface":"west","rotation":270},
			"north":{"uv":[0,0,1,7],"texture":"#block","cullface":"west"},
			"south":{"uv":[14,0,15,7],"texture":"#block","cullface":"west"},
			"west":{"uv":[0,0,15,7],"texture":"#block","cullface":"west"}
		}
	},
	{
		"type":"cube", //West brick 2.1
		"from":[-0.4,1,0.001],
		"to":[0,7.999,7],
		"rotation": {"origin": [ 8, 1, 8 ], "axis": "y", "angle": 0 },
		"faces": {
			"up":{"uv":[0,8,7,9],"texture":"#block","cullface":"west","rotation":90},
			"down":{"uv":[0,14,7,15],"texture":"#block","cullface":"west","rotation":270},
			"north":{"uv":[0,8,1,15],"texture":"#block","cullface":"west"},
			"south":{"uv":[6,8,7,15],"texture":"#block","cullface":"west"},
			"west":{"uv":[0,8,7,15],"texture":"#block","cullface":"west"}
		}
	},
	{
		"type":"cube", //West brick 2.2
		"from":[-0.4,1,8],
		"to":[0,7.999,15.999],
		"rotation": {"origin": [ 8, 1, 8 ], "axis": "y", "angle": 0 },
		"faces": {
			"up":{"uv":[8,8,16,9],"texture":"#block","cullface":"west","rotation":90},
			"down":{"uv":[8,14,16,15],"texture":"#block","cullface":"west","rotation":270},
			"north":{"uv":[8,8,9,15],"texture":"#block","cullface":"west"},
			"south":{"uv":[15,8,16,15],"texture":"#block","cullface":"west"},
			"west":{"uv":[8,8,16,15],"texture":"#block","cullface":"west"}
		}
	},
	{
		"type":"cube", //Bottom brick 1
		"from":[0.001,-0.4,9],
		"to":[15,0,16],
		"rotation": {"origin": [ 8, 1, 8 ], "axis": "y", "angle": 0 },
		"faces": {
			"down":{"uv":[0,0,15,7],"texture":"#block","cullface":"down"},
			"north":{"uv":[0,6,15,7],"texture":"#block","cullface":"down","rotation":180},
			"south":{"uv":[0,0,15,1],"texture":"#block","cullface":"down"},
			"west":{"uv":[8,6,15,7],"texture":"#block","cullface":"down"},
			"east":{"uv":[0,0,7,1],"texture":"#block","cullface":"down"}
		}
	},
	{
		"type":"cube", //Bottom brick 2.1
		"from":[0.001,-0.4,1],
		"to":[7,0,8],
		"rotation": {"origin": [ 8, 1, 8 ], "axis": "y", "angle": 0 },
		"faces": {
			"down":{"uv":[0,8,7,15],"texture":"#block","cullface":"down"},
			"north":{"uv":[0,14,7,15],"texture":"#block","cullface":"down","rotation":180},
			"south":{"uv":[0,8,7,9],"texture":"#block","cullface":"down"},
			"west":{"uv":[0,14,7,15],"texture":"#block","cullface":"down"},
			"east":{"uv":[0,8,7,9],"texture":"#block","cullface":"down"}
		}
	},
	{
		"type":"cube", //Bottom brick 2.2
		"from":[8,-0.4,1],
		"to":[15.999,0,8],
		"rotation": {"origin": [ 8, 1, 8 ], "axis": "y", "angle": 0 },
		"faces": {
			"down":{"uv":[8,8,16,15],"texture":"#block","cullface":"down"},
			"north":{"uv":[8,14,16,15],"texture":"#block","cullface":"down","rotation":180},
			"south":{"uv":[8,8,16,9],"texture":"#block","cullface":"down"},
			"west":{"uv":[9,14,16,15],"texture":"#block","cullface":"down"},
			"east":{"uv":[9,8,16,9],"texture":"#block","cullface":"down"}
		}
	}
],
"display": {
	"thirdperson": {
		"rotation": [ 0, 45, 1 ],
		"translation": [ 0, 0.5, 0 ],
		"scale": [ 1.1, 1.1, 1.1 ]
	},
	"firstperson": {
		"rotation": [ 0, 0, 0 ],
		"translation": [ 0, 0, 0 ],
		"scale": [ 1, 1, 1 ]
	},
	"gui": {
		"rotation": [ 0, 0, 0 ],
		"translation": [ 0, 0, 0 ],
		"scale": [ 1, 1, 1 ]
	}
}
}