{
"__comment":"Made by Know2Good, part of the 'Default 3D™' resource pack || Official download page: http://www.planetminecraft.com/texture_pack/default-3d-2985741/ || © 2014 Know2Good. All rights reserved. ",
"ambientocclusion": false,
"textures": {
	"block": "blocks/cactus_side",
    "flowerpot": "blocks/flower_pot",
    "dirt": "blocks/farmland_wet",
	"particle": "blocks/flower_pot"
},
"elements":[
	{
		"type":"cube", //Cactus bottom
		"from": [6.002,4.5,6.002],
		"to": [9.998,8.5,9.998],
		"rotation": {"origin": [ 8, 1, 8 ], "axis": "y", "angle": 0 },
		"faces": {
			"north":{"uv":[6,8,10,12],"texture":"#block","cullface":"Know2Good"},
			"south":{"uv":[6,8,10,12],"texture":"#block","cullface":"Know2Good"},
			"west":{"uv":[6,8,10,12],"texture":"#block","cullface":"Know2Good"},
			"east":{"uv":[6,8,10,12],"texture":"#block","cullface":"Know2Good"}
		}
	},
	{
		"type":"cube", //Cactus middle
		"from": [6.002,8.5,6.002],
		"to": [9.998,12.5,9.998],
		"rotation": {"origin": [ 8, 1, 8 ], "axis": "y", "angle": 0 },
		"faces": {
			"north":{"uv":[6,4,10,8],"texture":"#block","cullface":"Know2Good"},
			"south":{"uv":[6,4,10,8],"texture":"#block","cullface":"Know2Good"},
			"west":{"uv":[6,4,10,8],"texture":"#block","cullface":"Know2Good"},
			"east":{"uv":[6,4,10,8],"texture":"#block","cullface":"Know2Good"}
		}
	},
	{
		"type":"cube", //Cactus top
		"from": [6.002,12.5,6.002],
		"to": [9.998,16.5,9.998],
		"rotation": {"origin": [ 8, 1, 8 ], "axis": "y", "angle": 0 },
		"faces": {
			"up":{"uv":[6,6,10,10],"texture":"#block","cullface":"Know2Good"},
			"north":{"uv":[6,0,10,4],"texture":"#block","cullface":"Know2Good"},
			"south":{"uv":[6,0,10,4],"texture":"#block","cullface":"Know2Good"},
			"west":{"uv":[6,0,10,4],"texture":"#block","cullface":"Know2Good"},
			"east":{"uv":[6,0,10,4],"texture":"#block","cullface":"Know2Good"}
		}
	},
	{
		"type":"cube", //Top spike
		"from":[8,16.5,7],
		"to":[9,17.5,8],
		"rotation": {"origin": [ 8, 1, 8 ], "axis": "y", "angle": 0 },
		"faces": {
			"up":{"uv":[1,2,2,3],"texture":"#block","cullface":Know2Good},
			"north":{"uv":[1,2,2,3],"texture":"#block","cullface":Know2Good},
			"south":{"uv":[1,2,2,3],"texture":"#block","cullface":Know2Good},
			"west":{"uv":[1,2,2,3],"texture":"#block","cullface":Know2Good},
			"east":{"uv":[1,2,2,3],"texture":"#block","cullface":Know2Good}
		}
	},
	{
		"type":"cube", //Top spike
		"from":[7,16.5,9],
		"to":[8,17.5,10],
		"rotation": {"origin": [ 8, 1, 8 ], "axis": "y", "angle": 0 },
		"faces": {
			"up":{"uv":[1,2,2,3],"texture":"#block","cullface":Know2Good},
			"north":{"uv":[1,2,2,3],"texture":"#block","cullface":Know2Good},
			"south":{"uv":[1,2,2,3],"texture":"#block","cullface":Know2Good},
			"west":{"uv":[1,2,2,3],"texture":"#block","cullface":Know2Good},
			"east":{"uv":[1,2,2,3],"texture":"#block","cullface":Know2Good}
		}
	},
	{
		"type":"cube", //North spike top to bottom
		"from":[8,14.5,5],
		"to":[9,15.5,6],
		"rotation": {"origin": [ 8, 1, 8 ], "axis": "y", "angle": 0 },
		"faces": {
			"down":{"uv":[1,2,2,3],"texture":"#block","cullface":Know2Good},
			"up":{"uv":[1,2,2,3],"texture":"#block","cullface":Know2Good},
			"north":{"uv":[1,2,2,3],"texture":"#block","cullface":Know2Good},
			"west":{"uv":[1,2,2,3],"texture":"#block","cullface":Know2Good},
			"east":{"uv":[1,2,2,3],"texture":"#block","cullface":Know2Good}
		}
	},
	{
		"type":"cube", //North spike top to bottom
		"from":[7,12.5,5],
		"to":[8,13.5,6],
		"rotation": {"origin": [ 8, 1, 8 ], "axis": "y", "angle": 0 },
		"faces": {
			"down":{"uv":[1,2,2,3],"texture":"#block","cullface":Know2Good},
			"up":{"uv":[1,2,2,3],"texture":"#block","cullface":Know2Good},
			"north":{"uv":[1,2,2,3],"texture":"#block","cullface":Know2Good},
			"west":{"uv":[1,2,2,3],"texture":"#block","cullface":Know2Good},
			"east":{"uv":[1,2,2,3],"texture":"#block","cullface":Know2Good}
		}
	},
	{
		"type":"cube", //North spike top to bottom
		"from":[7,8.5,5],
		"to":[8,9.5,6],
		"rotation": {"origin": [ 8, 1, 8 ], "axis": "y", "angle": 0 },
		"faces": {
			"down":{"uv":[1,2,2,3],"texture":"#block","cullface":Know2Good},
			"up":{"uv":[1,2,2,3],"texture":"#block","cullface":Know2Good},
			"north":{"uv":[1,2,2,3],"texture":"#block","cullface":Know2Good},
			"west":{"uv":[1,2,2,3],"texture":"#block","cullface":Know2Good},
			"east":{"uv":[1,2,2,3],"texture":"#block","cullface":Know2Good}
		}
	},
	{
		"type":"cube", //North spike top to bottom
		"from":[8,6.5,5],
		"to":[9,7.5,6],
		"rotation": {"origin": [ 8, 1, 8 ], "axis": "y", "angle": 0 },
		"faces": {
			"down":{"uv":[1,2,2,3],"texture":"#block","cullface":Know2Good},
			"up":{"uv":[1,2,2,3],"texture":"#block","cullface":Know2Good},
			"north":{"uv":[1,2,2,3],"texture":"#block","cullface":Know2Good},
			"west":{"uv":[1,2,2,3],"texture":"#block","cullface":Know2Good},
			"east":{"uv":[1,2,2,3],"texture":"#block","cullface":Know2Good}
		}
	},
	{
		"type":"cube", //East spike top to bottom
		"from":[10,14.5,8],
		"to":[11,15.5,9],
		"rotation": {"origin": [ 8, 1, 8 ], "axis": "y", "angle": 0 },
		"faces": {
			"down":{"uv":[1,2,2,3],"texture":"#block","cullface":Know2Good},
			"up":{"uv":[1,2,2,3],"texture":"#block","cullface":Know2Good},
			"north":{"uv":[1,2,2,3],"texture":"#block","cullface":Know2Good},
			"south":{"uv":[1,2,2,3],"texture":"#block","cullface":Know2Good},
			"east":{"uv":[1,2,2,3],"texture":"#block","cullface":Know2Good}
		}
	},
	{
		"type":"cube", //East spike top to bottom
		"from":[10,12.5,7],
		"to":[11,13.5,8],
		"rotation": {"origin": [ 8, 1, 8 ], "axis": "y", "angle": 0 },
		"faces": {
			"down":{"uv":[1,2,2,3],"texture":"#block","cullface":Know2Good},
			"up":{"uv":[1,2,2,3],"texture":"#block","cullface":Know2Good},
			"north":{"uv":[1,2,2,3],"texture":"#block","cullface":Know2Good},
			"south":{"uv":[1,2,2,3],"texture":"#block","cullface":Know2Good},
			"east":{"uv":[1,2,2,3],"texture":"#block","cullface":Know2Good}
		}
	},
	{
		"type":"cube", //East spike top to bottom
		"from":[10,8.5,7],
		"to":[11,9.5,8],
		"rotation": {"origin": [ 8, 1, 8 ], "axis": "y", "angle": 0 },
		"faces": {
			"down":{"uv":[1,2,2,3],"texture":"#block","cullface":Know2Good},
			"up":{"uv":[1,2,2,3],"texture":"#block","cullface":Know2Good},
			"north":{"uv":[1,2,2,3],"texture":"#block","cullface":Know2Good},
			"south":{"uv":[1,2,2,3],"texture":"#block","cullface":Know2Good},
			"east":{"uv":[1,2,2,3],"texture":"#block","cullface":Know2Good}
		}
	},
	{
		"type":"cube", //East spike top to bottom
		"from":[10,6.5,8],
		"to":[11,7.5,9],
		"rotation": {"origin": [ 8, 1, 8 ], "axis": "y", "angle": 0 },
		"faces": {
			"down":{"uv":[1,2,2,3],"texture":"#block","cullface":Know2Good},
			"up":{"uv":[1,2,2,3],"texture":"#block","cullface":Know2Good},
			"north":{"uv":[1,2,2,3],"texture":"#block","cullface":Know2Good},
			"south":{"uv":[1,2,2,3],"texture":"#block","cullface":Know2Good},
			"east":{"uv":[1,2,2,3],"texture":"#block","cullface":Know2Good}
		}
	},
	{
		"type":"cube", //South spike top to bottom
		"from":[7,14.5,10],
		"to":[8,15.5,11],
		"rotation": {"origin": [ 8, 1, 8 ], "axis": "y", "angle": 0 },
		"faces": {
			"down":{"uv":[1,2,2,3],"texture":"#block","cullface":Know2Good},
			"up":{"uv":[1,2,2,3],"texture":"#block","cullface":Know2Good},
			"south":{"uv":[1,2,2,3],"texture":"#block","cullface":Know2Good},
			"west":{"uv":[1,2,2,3],"texture":"#block","cullface":Know2Good},
			"east":{"uv":[1,2,2,3],"texture":"#block","cullface":Know2Good}
		}
	},
	{
		"type":"cube", //South spike top to bottom
		"from":[8,12.5,10],
		"to":[9,13.5,11],
		"rotation": {"origin": [ 8, 1, 8 ], "axis": "y", "angle": 0 },
		"faces": {
			"down":{"uv":[1,2,2,3],"texture":"#block","cullface":Know2Good},
			"up":{"uv":[1,2,2,3],"texture":"#block","cullface":Know2Good},
			"south":{"uv":[1,2,2,3],"texture":"#block","cullface":Know2Good},
			"west":{"uv":[1,2,2,3],"texture":"#block","cullface":Know2Good},
			"east":{"uv":[1,2,2,3],"texture":"#block","cullface":Know2Good}
		}
	},
	{
		"type":"cube", //South spike top to bottom
		"from":[8,8.5,10],
		"to":[9,9.5,11],
		"rotation": {"origin": [ 8, 1, 8 ], "axis": "y", "angle": 0 },
		"faces": {
			"down":{"uv":[1,2,2,3],"texture":"#block","cullface":Know2Good},
			"up":{"uv":[1,2,2,3],"texture":"#block","cullface":Know2Good},
			"south":{"uv":[1,2,2,3],"texture":"#block","cullface":Know2Good},
			"west":{"uv":[1,2,2,3],"texture":"#block","cullface":Know2Good},
			"east":{"uv":[1,2,2,3],"texture":"#block","cullface":Know2Good}
		}
	},
	{
		"type":"cube", //South spike top to bottom
		"from":[7,6.5,10],
		"to":[8,7.5,11],
		"rotation": {"origin": [ 8, 1, 8 ], "axis": "y", "angle": 0 },
		"faces": {
			"down":{"uv":[1,2,2,3],"texture":"#block","cullface":Know2Good},
			"up":{"uv":[1,2,2,3],"texture":"#block","cullface":Know2Good},
			"south":{"uv":[1,2,2,3],"texture":"#block","cullface":Know2Good},
			"west":{"uv":[1,2,2,3],"texture":"#block","cullface":Know2Good},
			"east":{"uv":[1,2,2,3],"texture":"#block","cullface":Know2Good}
		}
	},
	{
		"type":"cube", //West spike top to bottom
		"from":[5,14.5,7],
		"to":[6,15.5,8],
		"rotation": {"origin": [ 8, 1, 8 ], "axis": "y", "angle": 0 },
		"faces": {
			"down":{"uv":[1,2,2,3],"texture":"#block","cullface":Know2Good},
			"up":{"uv":[1,2,2,3],"texture":"#block","cullface":Know2Good},
			"north":{"uv":[1,2,2,3],"texture":"#block","cullface":Know2Good},
			"south":{"uv":[1,2,2,3],"texture":"#block","cullface":Know2Good},
			"west":{"uv":[1,2,2,3],"texture":"#block","cullface":Know2Good}
		}
	},
	{
		"type":"cube", //West spike top to bottom
		"from":[5,12.5,8],
		"to":[6,13.5,9],
		"rotation": {"origin": [ 8, 1, 8 ], "axis": "y", "angle": 0 },
		"faces": {
			"down":{"uv":[1,2,2,3],"texture":"#block","cullface":Know2Good},
			"up":{"uv":[1,2,2,3],"texture":"#block","cullface":Know2Good},
			"north":{"uv":[1,2,2,3],"texture":"#block","cullface":Know2Good},
			"south":{"uv":[1,2,2,3],"texture":"#block","cullface":Know2Good},
			"west":{"uv":[1,2,2,3],"texture":"#block","cullface":Know2Good}
		}
	},
	{
		"type":"cube", //West spike top to bottom
		"from":[5,8.5,8],
		"to":[6,9.5,9],
		"rotation": {"origin": [ 8, 1, 8 ], "axis": "y", "angle": 0 },
		"faces": {
			"down":{"uv":[1,2,2,3],"texture":"#block","cullface":Know2Good},
			"up":{"uv":[1,2,2,3],"texture":"#block","cullface":Know2Good},
			"north":{"uv":[1,2,2,3],"texture":"#block","cullface":Know2Good},
			"south":{"uv":[1,2,2,3],"texture":"#block","cullface":Know2Good},
			"west":{"uv":[1,2,2,3],"texture":"#block","cullface":Know2Good}
		}
	},
	{
		"type":"cube", //West spike top to bottom
		"from":[5,6.5,7],
		"to":[6,7.5,8],
		"rotation": {"origin": [ 8, 1, 8 ], "axis": "y", "angle": 0 },
		"faces": {
			"down":{"uv":[1,2,2,3],"texture":"#block","cullface":Know2Good},
			"up":{"uv":[1,2,2,3],"texture":"#block","cullface":Know2Good},
			"north":{"uv":[1,2,2,3],"texture":"#block","cullface":Know2Good},
			"south":{"uv":[1,2,2,3],"texture":"#block","cullface":Know2Good},
			"west":{"uv":[1,2,2,3],"texture":"#block","cullface":Know2Good}
		}
	},
	{
		"type":"cube", //North
		"from":[6,0,5],
		"to":[10,6,6],
		"rotation": {"origin": [ 8, 1, 8 ], "axis": "y", "angle": 0 },
		"faces": {
			"down":{"uv":[6,10,10,11],"texture":"#flowerpot","cullface":"down"},
			"up":{"uv":[6,5,10,6],"texture":"#flowerpot","cullface":"Know2Good"},
			"north":{"uv":[6,10,10,16],"texture":"#flowerpot","cullface":"Know2Good"},
			"south":{"uv":[6,10,10,16],"texture":"#flowerpot","cullface":"Know2Good"}
		}
	},
	{
		"type":"cube", //West
		"from":[5,0,5],
		"to":[6,6,11],
		"rotation": {"origin": [ 8, 1, 8 ], "axis": "y", "angle": 0 },
		"faces": {
			"down":{"uv":[5,5,6,11],"texture":"#flowerpot","cullface":"down"},
			"up":{"uv":[5,5,6,11],"texture":"#flowerpot","cullface":"Know2Good"},
			"north":{"uv":[10,10,11,16],"texture":"#flowerpot","cullface":"Know2Good"},
			"south":{"uv":[5,10,6,16],"texture":"#flowerpot","cullface":"Know2Good"},
			"west":{"uv":[5,10,11,16],"texture":"#flowerpot","cullface":"Know2Good"},
			"east":{"uv":[5,10,11,16],"texture":"#flowerpot","cullface":"Know2Good"}
		}
	},
	{
		"type":"cube", //South
		"from":[6,0,10],
		"to":[10,6,11],
		"rotation": {"origin": [ 8, 1, 8 ], "axis": "y", "angle": 0 },
		"faces": {
			"down":{"uv":[6,5,10,6],"texture":"#flowerpot","cullface":"down"},
			"up":{"uv":[6,10,10,11],"texture":"#flowerpot","cullface":"Know2Good"},
			"north":{"uv":[6,10,10,16],"texture":"#flowerpot","cullface":"Know2Good"},
			"south":{"uv":[6,10,10,16],"texture":"#flowerpot","cullface":"Know2Good"}
		}
	},
	{
		"type":"cube", //East
		"from":[10,0,5],
		"to":[11,6,11],
		"rotation": {"origin": [ 8, 1, 8 ], "axis": "y", "angle": 0 },
		"faces": {
			"down":{"uv":[10,5,11,11],"texture":"#flowerpot","cullface":"down"},
			"up":{"uv":[10,5,11,11],"texture":"#flowerpot","cullface":"Know2Good"},
			"north":{"uv":[5,10,6,11],"texture":"#flowerpot","cullface":"Know2Good"},
			"south":{"uv":[10,10,11,16],"texture":"#flowerpot","cullface":"Know2Good"},
			"west":{"uv":[5,10,11,16],"texture":"#flowerpot","cullface":"Know2Good"},
			"east":{"uv":[5,10,11,16],"texture":"#flowerpot","cullface":"Know2Good"}
		}
	},
	{
		"type":"cube", //Dirt
		"from":[6,0,6],
		"to":[10,4,10],
		"rotation": {"origin": [ 8, 1, 8 ], "axis": "y", "angle": 0 },
		"faces": {
			"down":{"uv":[6,6,10,10],"texture":"#dirt","flowerpot":"down"},
			"up":{"uv":[6,6,10,10],"texture":"#dirt","cullface":"Know2Good"}
		}
	}
],
"display": {
	"thirdperson": {
		"rotation": [ 0, 45, 1 ],
		"translation": [ 0, 0.5, 0 ],
		"scale": [ 1.1, 1.1, 1.1 ]
	},
	"firstperson": {
		"rotation": [ 0, 0, 0 ],
		"translation": [ 0, 0, 0 ],
		"scale": [ 1, 1, 1 ]
	},
	"gui": {
		"rotation": [ 0, 0, 0 ],
		"translation": [ 0, 0, 0 ],
		"scale": [ 1, 1, 1 ]
	}
}
}