{
"__comment":"Made by Know2Good, part of the 'Default 3D™' resource pack || Official download page: http://www.planetminecraft.com/texture_pack/default-3d-2985741/ || © 2014 Know2Good. All rights reserved. ",
"ambientocclusion": false,
"textures": {
	"block": "blocks/mushroom_red",
    "flowerpot": "blocks/flower_pot",
    "dirt": "blocks/farmland_wet",
	"particle": "blocks/flower_pot"
},
"elements":[
	{
		"type":"cube", //Stalk
        "from": [7,4.5,7],
        "to": [9,11,9],
		"rotation": {"origin": [ 8, 1, 8 ], "axis": "y", "angle": 0 },
		"faces": {
			"down":{"uv":[8,15,9,16],"texture":"#block","cull":Know2Good},
			"north":{"uv":[8,15,9,16],"texture":"#block","cull":Know2Good},
			"south":{"uv":[7,15,8,16],"texture":"#block","cull":Know2Good},
			"west":{"uv":[7,15,8,16],"texture":"#block","cull":Know2Good},
			"east":{"uv":[8,15,9,16],"texture":"#block","cull":Know2Good}
		}
	},
	{
		"type":"cube", //Cap north
        "from": [5,7,4],
        "to": [11,11,5],
		"rotation": {"origin": [ 8, 1, 8 ], "axis": "y", "angle": 0 },
		"faces": {
			"up":{"uv":[5,11,11,12],"texture":"#block","cull":Know2Good,"rotation":180},
			"down":{"uv":[5,14,11,15],"texture":"#block","cull":Know2Good,"rotation":180},
			"north":{"uv":[5,11,11,15],"texture":"#block","cull":Know2Good},
			"south":{"uv":[5,11,11,15],"texture":"#block","cull":Know2Good},
			"west":{"uv":[10,11,11,15],"texture":"#block","cull":Know2Good},
			"east":{"uv":[5,11,6,15],"texture":"#block","cull":Know2Good}
		}
	},
	{
		"type":"cube", //Cap east
        "from": [11,7,5],
        "to": [12,11,11],
		"rotation": {"origin": [ 8, 1, 8 ], "axis": "y", "angle": 0 },
		"faces": {
			"up":{"uv":[5,11,11,12],"texture":"#block","cull":Know2Good,"rotation":270},
			"down":{"uv":[5,14,11,15],"texture":"#block","cull":Know2Good,"rotation":90},
			"north":{"uv":[10,11,11,15],"texture":"#block","cull":Know2Good},
			"south":{"uv":[5,11,6,15],"texture":"#block","cull":Know2Good},
			"west":{"uv":[5,11,11,15],"texture":"#block","cull":Know2Good},
			"east":{"uv":[5,11,11,15],"texture":"#block","cull":Know2Good}
		}
	},
	{
		"type":"cube", //Cap south
        "from": [5,7,11],
        "to": [11,11,12],
		"rotation": {"origin": [ 8, 1, 8 ], "axis": "y", "angle": 0 },
		"faces": {
			"up":{"uv":[5,11,11,12],"texture":"#block","cull":Know2Good},
			"down":{"uv":[5,14,11,15],"texture":"#block","cull":Know2Good},
			"north":{"uv":[5,11,11,15],"texture":"#block","cull":Know2Good},
			"south":{"uv":[5,11,11,15],"texture":"#block","cull":Know2Good},
			"west":{"uv":[5,11,6,15],"texture":"#block","cull":Know2Good},
			"east":{"uv":[10,11,11,15],"texture":"#block","cull":Know2Good}
		}
	},
	{
		"type":"cube", //Cap west
        "from": [4,7,5],
        "to": [5,11,11],
		"rotation": {"origin": [ 8, 1, 8 ], "axis": "y", "angle": 0 },
		"faces": {
			"up":{"uv":[5,11,11,12],"texture":"#block","cull":Know2Good,"rotation":90},
			"down":{"uv":[5,14,11,15],"texture":"#block","cull":Know2Good,"rotation":270},
			"north":{"uv":[5,11,6,15],"texture":"#block","cull":Know2Good},
			"south":{"uv":[10,11,11,15],"texture":"#block","cull":Know2Good},
			"west":{"uv":[5,11,11,15],"texture":"#block","cull":Know2Good},
			"east":{"uv":[5,11,11,15],"texture":"#block","cull":Know2Good}
		}
	},
	{
		"type":"cube", //Cap north upper
        "from": [6,11,5],
        "to": [11,12,6],
		"rotation": {"origin": [ 8, 1, 8 ], "axis": "y", "angle": 0 },
		"faces": {
			"up":{"uv":[5,11,10,12],"texture":"#block","cull":Know2Good},
			"north":{"uv":[5,11,10,12],"texture":"#block","cull":Know2Good,"rotation":180},
			"west":{"uv":[9,13,10,14],"texture":"#block","cull":Know2Good},
			"east":{"uv":[5,13,6,14],"texture":"#block","cull":Know2Good}
		}
	},
	{
		"type":"cube", //Cap east upper
        "from": [10,11,6],
        "to": [11,12,11],
		"rotation": {"origin": [ 8, 1, 8 ], "axis": "y", "angle": 0 },
		"faces": {
			"up":{"uv":[4,12,9,13],"texture":"#block","cull":Know2Good,"rotation":90},
			"north":{"uv":[4,12,5,13],"texture":"#block","cull":Know2Good},
			"south":{"uv":[8,12,9,13],"texture":"#block","cull":Know2Good},
			"east":{"uv":[4,12,9,13],"texture":"#block","cull":Know2Good,"rotation":180}
		}
	},
	{
		"type":"cube", //Cap south upper
        "from": [5,11,10],
        "to": [10,12,11],
		"rotation": {"origin": [ 8, 1, 8 ], "axis": "y", "angle": 0 },
		"faces": {
			"up":{"uv":[4,12,9,13],"texture":"#block","cull":Know2Good},
			"south":{"uv":[4,12,9,13],"texture":"#block","cull":Know2Good},
			"west":{"uv":[4,12,5,13],"texture":"#block","cull":Know2Good},
			"east":{"uv":[8,12,9,13],"texture":"#block","cull":Know2Good}
		}
	},
	{
		"type":"cube", //Cap west upper
        "from": [5,11,5],
        "to": [6,12,10],
		"rotation": {"origin": [ 8, 1, 8 ], "axis": "y", "angle": 0 },
		"faces": {
			"up":{"uv":[4,12,9,13],"texture":"#block","cull":Know2Good,"rotation":90},
			"north":{"uv":[4,12,5,13],"texture":"#block","cull":Know2Good},
			"south":{"uv":[8,12,9,13],"texture":"#block","cull":Know2Good},
			"west":{"uv":[4,12,9,13],"texture":"#block","cull":Know2Good}
		}
	},
	{
		"type":"cube", //Cap top
        "from": [6,12,6],
        "to": [10,13,10],
		"rotation": {"origin": [ 8, 1, 8 ], "axis": "y", "angle": 0 },
		"faces": {
			"up":{"uv":[6,10,10,14],"texture":"#block","cull":Know2Good},
			"north":{"uv":[6,10,10,11],"texture":"#block","cull":Know2Good,"rotation":180},
			"south":{"uv":[6,13,10,14],"texture":"#block","cull":Know2Good},
			"west":{"uv":[6,10,7,14],"texture":"#block","cull":Know2Good,"rotation":270},
			"east":{"uv":[9,10,10,14],"texture":"#block","cull":Know2Good,"rotation":90}
		}
	},
	{
		"type":"cube", //North
		"from":[6,0,5],
		"to":[10,6,6],
		"rotation": {"origin": [ 8, 1, 8 ], "axis": "y", "angle": 0 },
		"faces": {
			"down":{"uv":[6,10,10,11],"texture":"#flowerpot","cullface":"down"},
			"up":{"uv":[6,5,10,6],"texture":"#flowerpot","cullface":"Know2Good"},
			"north":{"uv":[6,10,10,16],"texture":"#flowerpot","cullface":"Know2Good"},
			"south":{"uv":[6,10,10,16],"texture":"#flowerpot","cullface":"Know2Good"}
		}
	},
	{
		"type":"cube", //West
		"from":[5,0,5],
		"to":[6,6,11],
		"rotation": {"origin": [ 8, 1, 8 ], "axis": "y", "angle": 0 },
		"faces": {
			"down":{"uv":[5,5,6,11],"texture":"#flowerpot","cullface":"down"},
			"up":{"uv":[5,5,6,11],"texture":"#flowerpot","cullface":"Know2Good"},
			"north":{"uv":[10,10,11,16],"texture":"#flowerpot","cullface":"Know2Good"},
			"south":{"uv":[5,10,6,16],"texture":"#flowerpot","cullface":"Know2Good"},
			"west":{"uv":[5,10,11,16],"texture":"#flowerpot","cullface":"Know2Good"},
			"east":{"uv":[5,10,11,16],"texture":"#flowerpot","cullface":"Know2Good"}
		}
	},
	{
		"type":"cube", //South
		"from":[6,0,10],
		"to":[10,6,11],
		"rotation": {"origin": [ 8, 1, 8 ], "axis": "y", "angle": 0 },
		"faces": {
			"down":{"uv":[6,5,10,6],"texture":"#flowerpot","cullface":"down"},
			"up":{"uv":[6,10,10,11],"texture":"#flowerpot","cullface":"Know2Good"},
			"north":{"uv":[6,10,10,16],"texture":"#flowerpot","cullface":"Know2Good"},
			"south":{"uv":[6,10,10,16],"texture":"#flowerpot","cullface":"Know2Good"}
		}
	},
	{
		"type":"cube", //East
		"from":[10,0,5],
		"to":[11,6,11],
		"rotation": {"origin": [ 8, 1, 8 ], "axis": "y", "angle": 0 },
		"faces": {
			"down":{"uv":[10,5,11,11],"texture":"#flowerpot","cullface":"down"},
			"up":{"uv":[10,5,11,11],"texture":"#flowerpot","cullface":"Know2Good"},
			"north":{"uv":[5,10,6,11],"texture":"#flowerpot","cullface":"Know2Good"},
			"south":{"uv":[10,10,11,16],"texture":"#flowerpot","cullface":"Know2Good"},
			"west":{"uv":[5,10,11,16],"texture":"#flowerpot","cullface":"Know2Good"},
			"east":{"uv":[5,10,11,16],"texture":"#flowerpot","cullface":"Know2Good"}
		}
	},
	{
		"type":"cube", //Dirt
		"from":[6,0,6],
		"to":[10,4,10],
		"rotation": {"origin": [ 8, 1, 8 ], "axis": "y", "angle": 0 },
		"faces": {
			"down":{"uv":[6,6,10,10],"texture":"#dirt","flowerpot":"down"},
			"up":{"uv":[6,6,10,10],"texture":"#dirt","cullface":"Know2Good"}
		}
	}
],
"display": {
	"thirdperson": {
		"rotation": [ 0, 45, 1 ],
		"translation": [ 0, 0.5, 0 ],
		"scale": [ 1.1, 1.1, 1.1 ]
	},
	"firstperson": {
		"rotation": [ 0, 0, 0 ],
		"translation": [ 0, 0, 0 ],
		"scale": [ 1, 1, 1 ]
	},
	"gui": {
		"rotation": [ 0, 0, 0 ],
		"translation": [ 0, 0, 0 ],
		"scale": [ 1, 1, 1 ]
	}
}
}