{
"__comment":"Made by Know2Good, part of the 'Default 3D™' resource pack || Official download page: http://www.planetminecraft.com/texture_pack/default-3d-2985741/ || © Know2Good. All rights reserved. ",
"ambientocclusion": false,
"textures": {
	"block": "blocks/planks_oak",
	"particle":"blocks/planks_oak"
},
"elements":[
	{
		"type":"cube", //Seat
		"from":[3,7,3],
		"to":[13,8,13],
		"rotation": {"origin": [ 8, 1, 8 ], "axis": "y", "angle": 0 },
		"faces": {
			"up":{"uv":[3,0,13,10],"texture":"#block","cullface":"Know2Good"},
			"down":{"uv":[3,0,13,10],"texture":"#block","cullface":"Know2Good","rotation":180},
			"north":{"uv":[13,0,3,1],"texture":"#block","cullface":"Know2Good"},
			"south":{"uv":[13,9,3,10],"texture":"#block","cullface":"Know2Good","rotation":180},
			"west":{"uv":[3,0,4,10],"texture":"#block","cullface":"Know2Good","rotation":270},
			"east":{"uv":[12,0,13,10],"texture":"#block","cullface":"Know2Good","rotation":90}
		}
	},
	{
		"type":"cube", //Leg north-west
		"from":[3,0,3],
		"to":[4,7,5],
		"rotation": {"origin": [ 8, 1, 8 ], "axis": "y", "angle": 0 },
		"faces": {
			"down":{"uv":[0,0,1,1],"texture":"#block","cullface":"Know2Good"},
			"north":{"uv":[7,1,15,2],"texture":"#block","cullface":"Know2Good","rotation":90},
			"south":{"uv":[7,0,15,1],"texture":"#block","cullface":"Know2Good","rotation":90},
			"west":{"uv":[7,0,15,2],"texture":"#block","cullface":"Know2Good","rotation":90},
			"east":{"uv":[7,2,15,0],"texture":"#block","cullface":"Know2Good","rotation":90}
		}
	},
	{
		"type":"cube", //Leg north-east
		"from":[12,0,3],
		"to":[13,7,5],
		"rotation": {"origin": [ 8, 1, 8 ], "axis": "y", "angle": 0 },
		"faces": {
			"down":{"uv":[0,0,1,1],"texture":"#block","cullface":"Know2Good"},
			"north":{"uv":[7,4,15,5],"texture":"#block","cullface":"Know2Good","rotation":90},
			"south":{"uv":[7,5,15,6],"texture":"#block","cullface":"Know2Good","rotation":90},
			"west":{"uv":[7,6,15,4],"texture":"#block","cullface":"Know2Good","rotation":90},
			"east":{"uv":[7,4,15,6],"texture":"#block","cullface":"Know2Good","rotation":90}
		}
	},
	{
		"type":"cube", //Leg south-east
		"from":[12,0,11],
		"to":[13,7,13],
		"rotation": {"origin": [ 8, 1, 8 ], "axis": "y", "angle": 0 },
		"faces": {
			"down":{"uv":[0,0,1,1],"texture":"#block","cullface":"Know2Good"},
			"north":{"uv":[7,9,15,10],"texture":"#block","cullface":"Know2Good","rotation":90},
			"south":{"uv":[7,8,15,9],"texture":"#block","cullface":"Know2Good","rotation":90},
			"west":{"uv":[7,8,15,10],"texture":"#block","cullface":"Know2Good","rotation":90},
			"east":{"uv":[7,10,15,8],"texture":"#block","cullface":"Know2Good","rotation":90}
		}
	},
	{
		"type":"cube", //Leg south-west
		"from":[3,0,11],
		"to":[4,7,13],
		"rotation": {"origin": [ 8, 1, 8 ], "axis": "y", "angle": 0 },
		"faces": {
			"down":{"uv":[0,0,1,1],"texture":"#block","cullface":"Know2Good"},
			"north":{"uv":[7,12,15,13],"texture":"#block","cullface":"Know2Good","rotation":90},
			"south":{"uv":[7,13,15,14],"texture":"#block","cullface":"Know2Good","rotation":90},
			"west":{"uv":[7,14,15,12],"texture":"#block","cullface":"Know2Good","rotation":90},
			"east":{"uv":[7,12,15,14],"texture":"#block","cullface":"Know2Good","rotation":90}
		}
	},
	{
		"type":"cube", //Back south-east
		"from":[12,8,11],
		"to":[13,21,13],
		"rotation": {"origin": [ 8, 1, 8 ], "axis": "y", "angle": 0 },
		"faces": {
			"up":{"uv":[0,6,1,4],"texture":"#block","cullface":"Know2Good"},
			"north":{"uv":[0,5,13,6],"texture":"#block","cullface":"Know2Good","rotation":90},
			"south":{"uv":[0,4,13,5],"texture":"#block","cullface":"Know2Good","rotation":90},
			"west":{"uv":[0,4,13,6],"texture":"#block","cullface":"Know2Good","rotation":90},
			"east":{"uv":[0,6,13,4],"texture":"#block","cullface":"Know2Good","rotation":90}
		}
	},
	{
		"type":"cube", //Back south-west
		"from":[3,8,11],
		"to":[4,21,13],
		"rotation": {"origin": [ 8, 1, 8 ], "axis": "y", "angle": 0 },
		"faces": {
			"up":{"uv":[0,2,1,0],"texture":"#block","cullface":"Know2Good"},
			"north":{"uv":[0,0,13,1],"texture":"#block","cullface":"Know2Good","rotation":90},
			"south":{"uv":[0,1,13,2],"texture":"#block","cullface":"Know2Good","rotation":90},
			"west":{"uv":[0,2,13,0],"texture":"#block","cullface":"Know2Good","rotation":90},
			"east":{"uv":[0,0,13,2],"texture":"#block","cullface":"Know2Good","rotation":90}
		}
	},
	{
		"type":"cube", //Back top
		"from":[4,18,11.5],
		"to":[12,20,12.5],
		"rotation": {"origin": [ 8, 1, 8 ], "axis": "y", "angle": 0 },
		"faces": {
			"up":{"uv":[8,4,0,5],"texture":"#block","cullface":"Know2Good"},
			"down":{"uv":[0,5,8,6],"texture":"#block","cullface":"Know2Good","rotation":180},
			"north":{"uv":[0,4,8,6],"texture":"#block","cullface":"Know2Good"},
			"south":{"uv":[0,6,8,4],"texture":"#block","cullface":"Know2Good","rotation":180}
		}
	},
	{
		"type":"cube", //Back middle
		"from":[4,14,11.5],
		"to":[12,16,12.5],
		"rotation": {"origin": [ 8, 1, 8 ], "axis": "y", "angle": 0 },
		"faces": {
			"up":{"uv":[8,8,0,9],"texture":"#block","cullface":"Know2Good"},
			"down":{"uv":[0,9,8,10],"texture":"#block","cullface":"Know2Good","rotation":180},
			"north":{"uv":[0,8,8,10],"texture":"#block","cullface":"Know2Good"},
			"south":{"uv":[0,10,8,8],"texture":"#block","cullface":"Know2Good","rotation":180}
		}
	},
	{
		"type":"cube", //Back bottom
		"from":[4,10,11.5],
		"to":[12,12,12.5],
		"rotation": {"origin": [ 8, 1, 8 ], "axis": "y", "angle": 0 },
		"faces": {
			"up":{"uv":[8,12,0,13],"texture":"#block","cullface":"Know2Good"},
			"down":{"uv":[0,13,8,14],"texture":"#block","cullface":"Know2Good","rotation":180},
			"north":{"uv":[0,12,8,14],"texture":"#block","cullface":"Know2Good"},
			"south":{"uv":[0,14,8,12],"texture":"#block","cullface":"Know2Good","rotation":180}
		}
	}
],
"display": {
	"thirdperson": {
		"rotation": [ 0, 45, 0 ],
		"translation": [ 0, 0, 0 ],
		"scale": [ 1.6, 1.6, 1.6 ]
	},
	"firstperson": {
		"rotation": [ 0, 0, 0 ],
		"translation": [ 0, 2, 0 ],
		"scale": [ 1, 1, 1 ]
	},
	"gui": {
		"rotation": [ 0, 0, 0 ],
		"translation": [ 0, -1.5, 0 ],
		"scale": [ 1, 1, 1 ]
	}
}
}