{
"__comment":"Made by Know2Good, part of the 'Default 3D™' resource pack || Official download page: http://www.planetminecraft.com/texture_pack/default-3d-2985741/ || © 2014 Know2Good. All rights reserved. ",
"ambientocclusion": false,
"textures": {
	"block": "blocks/iron_block",
	"particle":"blocks/iron_block"
},
"elements":[
	{
		"type":"cube", //Left side rail
		"from":[12,0,14],
		"to":[14,16,16],
		"rotation": {"origin": [ 8, 1, 8 ], "axis": "y", "angle": 0 },
		"faces": {
			"down":{"uv":[2,14,4,16],"texture":"#block","cullface":down,"rotation": 90},
			"up":{"uv":[2,14,4,16],"texture":"#block","cullface":up},
			"north":{"uv":[2,0,4,16],"texture":"#block","cullface":Know2Good},
			"south":{"uv":[3,0,4,16],"texture":"#block","cullface":south},
			"west":{"uv":[2,0,4,16],"texture":"#block","cullface":Know2Good},
			"east":{"uv":[4,0,2,16],"texture":"#block","cullface":Know2Good}
		}
	},
	{
		"type":"cube", //Right side rail
		"from":[2,0,14],
		"to":[4,16,16],
		"rotation": {"origin": [ 8, 1, 8 ], "axis": "y", "angle": 0 },
		"faces": {
			"down":{"uv":[14,14,12,16],"texture":"#block","cullface":down,"rotation": 90},
			"up":{"uv":[12,14,14,16],"texture":"#block","cullface":up},
			"north":{"uv":[14,0,12,16],"texture":"#block","cullface":Know2Good},
			"south":{"uv":[13,0,14,16],"texture":"#block","cullface":south},
			"west":{"uv":[12,0,14,16],"texture":"#block","cullface":Know2Good},
			"east":{"uv":[14,0,12,16],"texture":"#block","cullface":Know2Good}
		}
	},
	{
		"type":"cube", //Step 1
		"from":[1,14,13],
		"to":[15,15,15],
		"rotation": {"origin": [ 8, 1, 8 ], "axis": "y", "angle": 0 },
		"faces": {
			"down":{"uv":[1,3,15,1],"texture":"#block","cullface":Know2Good},
			"up":{"uv":[1,1,15,3],"texture":"#block","cullface":Know2Good},
			"north":{"uv":[15,1,1,2],"texture":"#block","cullface":Know2Good},
			"south":{"uv":[1,2,15,3],"texture":"#block","cullface":Know2Good},
			"west":{"uv":[14,1,15,3],"texture":"#block","cullface":Know2Good,"rotation": 270},
			"east":{"uv":[1,1,2,3],"texture":"#block","cullface":Know2Good,"rotation": 90}
		}
	},
	{
		"type":"cube", //Step 2
		"from":[1,10,13],
		"to":[15,11,15],
		"rotation": {"origin": [ 8, 1, 8 ], "axis": "y", "angle": 0 },
		"faces": {
			"down":{"uv":[1,7,15,5],"texture":"#block","cullface":Know2Good},
			"up":{"uv":[1,5,15,7],"texture":"#block","cullface":Know2Good},
			"north":{"uv":[15,5,1,6],"texture":"#block","cullface":Know2Good},
			"south":{"uv":[1,6,15,7],"texture":"#block","cullface":Know2Good},
			"west":{"uv":[14,5,15,7],"texture":"#block","cullface":Know2Good,"rotation": 270},
			"east":{"uv":[1,5,2,7],"texture":"#block","cullface":Know2Good,"rotation": 90}
		}
	},
	{
		"type":"cube", //Step 3
		"from":[1,6,13],
		"to":[15,7,15],
		"rotation": {"origin": [ 8, 1, 8 ], "axis": "y", "angle": 0 },
		"faces": {
			"down":{"uv":[1,11,15,9],"texture":"#block","cullface":Know2Good},
			"up":{"uv":[1,9,15,11],"texture":"#block","cullface":Know2Good},
			"north":{"uv":[15,9,1,10],"texture":"#block","cullface":Know2Good},
			"south":{"uv":[1,10,15,11],"texture":"#block","cullface":Know2Good},
			"west":{"uv":[14,9,15,11],"texture":"#block","cullface":Know2Good,"rotation": 270},
			"east":{"uv":[1,9,2,11],"texture":"#block","cullface":Know2Good,"rotation": 90}
		}
	},
	{
		"type":"cube", //Step 4
		"from":[1,2,13],
		"to":[15,3,15],
		"rotation": {"origin": [ 8, 1, 8 ], "axis": "y", "angle": 0 },
		"faces": {
			"down":{"uv":[1,15,15,13],"texture":"#block","cullface":Know2Good},
			"up":{"uv":[1,13,15,15],"texture":"#block","cullface":Know2Good},
			"north":{"uv":[15,13,1,14],"texture":"#block","cullface":Know2Good},
			"south":{"uv":[1,14,15,15],"texture":"#block","cullface":Know2Good},
			"west":{"uv":[14,13,15,15],"texture":"#block","cullface":Know2Good,"rotation": 270},
			"east":{"uv":[1,13,2,15],"texture":"#block","cullface":Know2Good,"rotation": 90}
		}
	}
],
"display": {
	"thirdperson": {
		"rotation": [ 0, 90, -91 ],
		"translation": [ -1.5, 2.5, 0 ],
		"scale": [ 0.6, 0.6, 0.6 ]
	},
	"firstperson": {
		"rotation": [ 0, 90, 0 ],
		"translation": [ 0, 0, 0 ],
		"scale": [ 1.25, 1.25, 1.25 ]
	},
	"gui": {
		"rotation": [ 0, 0, 0 ],
		"translation": [ -2.5, -2, -2.5 ],
		"scale": [ 1.35, 1.35, 1.35 ]
	}
}
}