{
"__comment":"Made by Know2Good, part of the 'Default 3D™' resource pack || Official download page: http://www.planetminecraft.com/texture_pack/default-3d-2985741/ || © Know2Good. All rights reserved. ",
"textures": {
	"stick": "blocks/planks_oak",
	"material": "blocks/stone",
	"particle":"blocks/planks_oak"
},
"elements":[
	{
		"type":"cube", //Middle top
		"from":[7.25,12,7.25],
		"to":[8.75,12.25,8.75],
		"rotation": {"origin": [ 8, 1, 8 ], "axis": "y", "angle": 0 },
		"faces": {
			"up":{"uv":[5,15,6,16],"texture":"#stick","cullface":"Know2Good"},
			"north":{"uv":[5,15,6,16],"texture":"#stick","cullface":"Know2Good","rotation": 180},
			"south":{"uv":[5,15,6,16],"texture":"#stick","cullface":"Know2Good"},
			"west":{"uv":[5,15,6,16],"texture":"#stick","cullface":"Know2Good","rotation": 270},
			"east":{"uv":[5,15,6,16],"texture":"#stick","cullface":"Know2Good","rotation": 90}
		}
	},
	{
		"type":"cube", //Middle
		"from":[5.5,11,7],
		"to":[10.5,12,9],
		"rotation": {"origin": [ 8, 1, 8 ], "axis": "y", "angle": 0 },
		"faces": {
			"down":{"uv":[6,4,11,2],"texture":"#material","cullface":"Know2Good"},
			"up":{"uv":[6,2,11,4],"texture":"#material","cullface":"Know2Good"},
			"north":{"uv":[6,2,11,3],"texture":"#material","cullface":"Know2Good","rotation": 180},
			"south":{"uv":[6,3,11,4],"texture":"#material","cullface":"Know2Good"},
			"west":{"uv":[6,2,7,4],"texture":"#material","cullface":"Know2Good","rotation": 270},
			"east":{"uv":[10,2,11,4],"texture":"#material","cullface":"Know2Good","rotation": 90}
		}
	},
	{
		"type":"cube", //Middle bottom
		"from":[7.25,10.5,7.25],
		"to":[8.75,11,8.75],
		"rotation": {"origin": [ 8, 1, 8 ], "axis": "y", "angle": 0 },
		"faces": {
			"down":{"uv":[8,0,9,1],"texture":"#material","cullface":"Know2Good"},
			"north":{"uv":[8,0,9,1],"texture":"#material","cullface":"Know2Good","rotation": 180},
			"south":{"uv":[8,0,9,1],"texture":"#material","cullface":"Know2Good"},
			"west":{"uv":[8,0,9,1],"texture":"#material","cullface":"Know2Good","rotation": 270},
			"east":{"uv":[8,0,9,1],"texture":"#material","cullface":"Know2Good","rotation": 90}
		}
	},
	{
		"type":"cube", //Front-Middle
		"from":[3.5,10,7.25],
		"to":[6.5,11,8.75],
		"rotation": {"origin": [ 8, 1, 8 ], "axis": "y", "angle": 0 },
		"faces": {
			"down":{"uv":[4,4,7,2],"texture":"#material","cullface":"Know2Good"},
			"up":{"uv":[4,2,7,4],"texture":"#material","cullface":"Know2Good"},
			"north":{"uv":[4,2,7,3],"texture":"#material","cullface":"Know2Good","rotation": 180},
			"south":{"uv":[4,3,7,4],"texture":"#material","cullface":"Know2Good"},
			"west":{"uv":[4,2,5,4],"texture":"#material","cullface":"Know2Good","rotation": 270},
			"east":{"uv":[6,2,7,4],"texture":"#material","cullface":"Know2Good","rotation": 90}
		}
	},
	{
		"type":"cube", //Front 
		"from":[2.5,9,7.5],
		"to":[4.5,10,8.5],
		"rotation": {"origin": [ 8, 1, 8 ], "axis": "y", "angle": 0 },
		"faces": {
			"down":{"uv":[3,2,5,3],"texture":"#material","cullface":"Know2Good"},
			"up":{"uv":[3,2,5,3],"texture":"#material","cullface":"Know2Good"},
			"north":{"uv":[3,2,5,3],"texture":"#material","cullface":"Know2Good","rotation": 180},
			"south":{"uv":[3,2,5,3],"texture":"#material","cullface":"Know2Good"},
			"west":{"uv":[3,2,4,3],"texture":"#material","cullface":"Know2Good","rotation": 270},
			"east":{"uv":[4,2,5,3],"texture":"#material","cullface":"Know2Good","rotation": 90}
		}
	},
	{
		"type":"cube", //Back-Middle
		"from":[9.5,10,7.25],
		"to":[12.5,11,8.75],
		"rotation": {"origin": [ 8, 1, 8 ], "axis": "y", "angle": 0 },
		"faces": {
			"down":{"uv":[7,2,4,4],"texture":"#material","cullface":"Know2Good"},
			"up":{"uv":[7,4,4,2],"texture":"#material","cullface":"Know2Good"},
			"north":{"uv":[7,3,4,4],"texture":"#material","cullface":"Know2Good","rotation": 180},
			"south":{"uv":[7,2,4,3],"texture":"#material","cullface":"Know2Good"},
			"west":{"uv":[6,4,7,2],"texture":"#material","cullface":"Know2Good","rotation": 270},
			"east":{"uv":[4,4,5,2],"texture":"#material","cullface":"Know2Good","rotation": 90}
		}
	},
	{
		"type":"cube", //Back 
		"from":[11.5,9,7],
		"to":[13.5,10,9],
		"rotation": {"origin": [ 8, 1, 8 ], "axis": "y", "angle": 0 },
		"faces": {
			"down":{"uv":[3,2,5,4],"texture":"#material","cullface":"Know2Good"},
			"up":{"uv":[3,4,5,2],"texture":"#material","cullface":"Know2Good"},
			"north":{"uv":[3,3,5,4],"texture":"#material","cullface":"Know2Good","rotation": 180},
			"south":{"uv":[3,2,5,3],"texture":"#material","cullface":"Know2Good"},
			"west":{"uv":[4,4,5,2],"texture":"#material","cullface":"Know2Good","rotation": 270},
			"east":{"uv":[3,4,4,2],"texture":"#material","cullface":"Know2Good","rotation": 90}
		}
	},
	{
		"type":"cube", //Stick
		"from":[7.5,0,7.5],
		"to":[8.5,13,8.5],
		"rotation": {"origin": [ 8, 1, 8 ], "axis": "y", "angle": 0 },
		"faces": {
			"down":{"uv":[3,15,4,16],"texture":"#stick","cullface":"Know2Good"},
			"up":{"uv":[15,15,16,16],"texture":"#stick","cullface":"Know2Good"},
			"north":{"uv":[3,15,16,16],"texture":"#stick","cullface":"Know2Good","rotation":90},
			"south":{"uv":[3,15,16,16],"texture":"#stick","cullface":"Know2Good","rotation":90},
			"west":{"uv":[3,15,16,16],"texture":"#stick","cullface":"Know2Good","rotation":90},
			"east":{"uv":[3,15,16,16],"texture":"#stick","cullface":"Know2Good","rotation":90}
		}
	}
],
"display": {
	"thirdperson": {
		"rotation": [ 10, 90, 270 ],
		"translation": [ 0, 1, -3.5 ],
		"scale": [ 0.85, 0.85, 0.85 ]
	},
	"firstperson": {
		"rotation": [ 0, -135, 0 ],
		"translation": [ -2, 4, 2 ],
		"scale": [ 1.7, 1.7, 1.7 ]
	},
	"gui": {
		"rotation": [ 0, 0, 0 ],
		"translation": [ 0, 0.75, 0 ],
		"scale": [ 1.9, 1.9, 1.9 ]
	}
}
}