{
"__comment":"Made by Know2Good, part of the 'Default 3D™' resource pack || Official download page: http://www.planetminecraft.com/texture_pack/default-3d-2985741/ || © Know2Good. All rights reserved. ",
"textures": {
	"stick": "blocks/planks_oak",
	"material": "blocks/stone",
	"particle":"blocks/planks_oak"
},
"elements":[
	{
		"type":"cube", //Middle top
		"from":[7.25,12,7.25],
		"to":[8.75,12.25,8.75],
		"rotation": {"origin": [ 8, 1, 8 ], "axis": "y", "angle": 0 },
		"faces": {
			"up":{"uv":[5,15,6,16],"texture":"#stick","cullface":"Know2Good"},
			"north":{"uv":[5,15,6,16],"texture":"#stick","cullface":"Know2Good","rotation": 180},
			"south":{"uv":[5,15,6,16],"texture":"#stick","cullface":"Know2Good"},
			"west":{"uv":[5,15,6,16],"texture":"#stick","cullface":"Know2Good","rotation": 270},
			"east":{"uv":[5,15,6,16],"texture":"#stick","cullface":"Know2Good","rotation": 90}
		}
	},
	{
		"type":"cube", //Middle
		"from":[7,10,7],
		"to":[9,12,9],
		"rotation": {"origin": [ 8, 1, 8 ], "axis": "y", "angle": 0 },
		"faces": {
			"down":{"uv":[7,2,9,4],"texture":"#material","cullface":"Know2Good"},
			"up":{"uv":[7,2,9,4],"texture":"#material","cullface":"Know2Good"},
			"north":{"uv":[7,4,9,2],"texture":"#material","cullface":"Know2Good","rotation": 180},
			"south":{"uv":[7,4,9,2],"texture":"#material","cullface":"Know2Good"},
			"west":{"uv":[8,2,9,4],"texture":"#material","cullface":"Know2Good","rotation": 270},
			"east":{"uv":[8,2,9,4],"texture":"#material","cullface":"Know2Good","rotation": 90}
		}
	},
	{
		"type":"cube", //Middle bottom
		"from":[7.25,9.5,7.25],
		"to":[8.75,10,8.75],
		"rotation": {"origin": [ 8, 1, 8 ], "axis": "y", "angle": 0 },
		"faces": {
			"down":{"uv":[8,0,9,1],"texture":"#material","cullface":"Know2Good"},
			"north":{"uv":[8,0,9,1],"texture":"#material","cullface":"Know2Good","rotation": 180},
			"south":{"uv":[8,0,9,1],"texture":"#material","cullface":"Know2Good"},
			"west":{"uv":[8,0,9,1],"texture":"#material","cullface":"Know2Good","rotation": 270},
			"east":{"uv":[8,0,9,1],"texture":"#material","cullface":"Know2Good","rotation": 90}
		}
	},
	{
		"type":"cube", //Front-Middle
		"from":[6,10.25,7.25],
		"to":[7,11.75,8.75],
		"rotation": {"origin": [ 8, 1, 8 ], "axis": "y", "angle": 0 },
		"faces": {
			"down":{"uv":[5,2,6,3],"texture":"#material","cullface":"Know2Good"},
			"up":{"uv":[5,3,6,4],"texture":"#material","cullface":"Know2Good"},
			"north":{"uv":[5,2,6,4],"texture":"#material","cullface":"Know2Good"},
			"south":{"uv":[5,2,6,4],"texture":"#material","cullface":"Know2Good"},
			"west":{"uv":[5,2,6,4],"texture":"#material","cullface":"Know2Good"},
			"east":{"uv":[5,2,6,4],"texture":"#material","cullface":"Know2Good"}
		}
	},
	{
		"type":"cube", //Front-Middle
		"from":[5,11,7],
		"to":[6,12,9],
		"rotation": {"origin": [ 8, 1, 8 ], "axis": "y", "angle": 0 },
		"faces": {
			"down":{"uv":[2,4,3,2],"texture":"#material","cullface":"Know2Good"},
			"up":{"uv":[2,2,3,4],"texture":"#material","cullface":"Know2Good"},
			"north":{"uv":[2,2,3,3],"texture":"#material","cullface":"Know2Good"},
			"south":{"uv":[2,3,3,4],"texture":"#material","cullface":"Know2Good"},
			"west":{"uv":[2,2,3,4],"texture":"#material","cullface":"Know2Good","rotation":270},
			"east":{"uv":[2,2,3,4],"texture":"#material","cullface":"Know2Good","rotation":90}
		}
	},
	{
		"type":"cube", //Front 
		"from":[2,11.5,6.5],
		"to":[5,12,9.5],
		"rotation": {"origin": [ 8, 1, 8 ], "axis": "y", "angle": 0 },
		"faces": {
			"down":{"uv":[8,3,11,0],"texture":"#material","cullface":"Know2Good","rotation":90},
			"up":{"uv":[8,0,11,3],"texture":"#material","cullface":"Know2Good","rotation":270},
			"north":{"uv":[10,0,11,3],"texture":"#material","cullface":"Know2Good","rotation":270},
			"south":{"uv":[8,0,9,3],"texture":"#material","cullface":"Know2Good","rotation":270},
			"west":{"uv":[11,0,8,1],"texture":"#material","cullface":"Know2Good"},
			"east":{"uv":[11,2,8,3],"texture":"#material","cullface":"Know2Good"}
		}
	},
	{
		"type":"cube", //Back
		"from":[9,10.25,7.5],
		"to":[10,11.75,8.5],
		"rotation": {"origin": [ 8, 1, 8 ], "axis": "y", "angle": 0 },
		"faces": {
			"down":{"uv":[5,2,6,3],"texture":"#material","cullface":"Know2Good"},
			"up":{"uv":[5,3,6,4],"texture":"#material","cullface":"Know2Good"},
			"north":{"uv":[5,4,6,2],"texture":"#material","cullface":"Know2Good"},
			"south":{"uv":[5,4,6,2],"texture":"#material","cullface":"Know2Good"},
			"west":{"uv":[5,4,6,2],"texture":"#material","cullface":"Know2Good"},
			"east":{"uv":[5,4,6,2],"texture":"#material","cullface":"Know2Good"}
		}
	},
	{
		"type":"cube", //Stick
		"from":[7.5,0,7.5],
		"to":[8.5,13,8.5],
		"rotation": {"origin": [ 8, 1, 8 ], "axis": "y", "angle": 0 },
		"faces": {
			"down":{"uv":[3,15,4,16],"texture":"#stick","cullface":"Know2Good"},
			"up":{"uv":[15,15,16,16],"texture":"#stick","cullface":"Know2Good"},
			"north":{"uv":[3,15,16,16],"texture":"#stick","cullface":"Know2Good","rotation":90},
			"south":{"uv":[3,15,16,16],"texture":"#stick","cullface":"Know2Good","rotation":90},
			"west":{"uv":[3,15,16,16],"texture":"#stick","cullface":"Know2Good","rotation":90},
			"east":{"uv":[3,15,16,16],"texture":"#stick","cullface":"Know2Good","rotation":90}
		}
	}
],
"display": {
	"thirdperson": {
		"rotation": [ 10, 90, 270 ],
		"translation": [ 0, 1, -3.5 ],
		"scale": [ 0.85, 0.85, 0.85 ]
	},
	"firstperson": {
		"rotation": [ 0, -135, 0 ],
		"translation": [ -2, 4, 2 ],
		"scale": [ 1.7, 1.7, 1.7 ]
	},
	"gui": {
		"rotation": [ 0, 0, 0 ],
		"translation": [ 0, 0, 0 ],
		"scale": [ 1.9, 1.7, 1.9 ]
	}
}
}